Date,Value
2022-02-02,-0.00095597111174917
2022-01-26,-0.00061075785922514
2022-01-19,-0.00019493653644043
2022-01-12,-0.0030566767942981
2022-01-05,0.0018851053866261
2021-12-29,0.0010109615566381
2021-12-22,0.0050300491571983
2021-12-15,0.0083445326728391
2021-12-08,0.0046924289467632
2021-12-01,0.0090088638247873
2021-11-24,0.0022549622670798
2021-11-17,-0.00075909167723978
2021-11-10,-3.7370028785145e-05
2021-11-03,0.0071441655753658
2021-10-27,0.0017946953090894
2021-10-20,0.0012960624924494
2021-10-13,-0.00054264934871506
2021-10-06,-0.0015995114984166
2021-09-29,0.0022614001295715
2021-09-22,-0.0032411518465311
2021-09-15,-0.0013802624208438
2021-09-08,-0.0014802042832847
2021-09-01,0.0007360866175358
2021-08-25,-0.0017865462238916
2021-08-18,-0.0037136523739495
2021-08-11,-0.00508476894829
2021-08-04,-0.0020603692552044
2021-07-28,0.00078048540172579
2021-07-21,-0.0013331367004556
2021-07-14,-0.0016607563339282
2021-07-07,0.0010227485855397
2021-06-30,-0.00034755181846247
2021-06-23,-0.0053926030818968
2021-06-16,-0.015477956361699
2021-06-09,-0.005679140093009
2021-06-02,-0.0044408023433969
2021-05-26,-0.0028287363303668
2021-05-19,-0.0010047998591905
2021-05-12,-0.0005158649581224
2021-05-05,-0.0022398111454494
2021-04-28,0.00022682609704012
2021-04-21,-0.0060394060670312
2021-04-14,0.0013967930125477
2021-04-07,0.0021977796014857
2021-03-31,-0.0054415339528615
2021-03-24,-0.0092167501605573
2021-03-17,-0.010701967743794
2021-03-10,0.0069761176915739
2021-03-03,0.003327983379142
2021-02-24,0.0050100391940288
2021-02-17,0.0042799052516268
2021-02-10,0.0011423862290228
2021-02-03,0.0025034097427474
2021-01-27,0.00011000065493304
2021-01-20,-0.0035001206549449
2021-01-13,-0.0047465757796739
2021-01-06,-0.0038688453935483
2020-12-30,-0.0015858449534813
2020-12-23,-0.0039038919459492
2020-12-16,-0.0033926954131446
2020-12-09,-0.0039214253973471
2020-12-02,-0.0017181071447576
2020-11-25,-0.0028089598270305
2020-11-18,-0.0048375786665761
2020-11-11,-0.0023094748143644
2020-11-04,-0.0090036536468311
2020-10-28,-0.0049686482006486
2020-10-21,-0.00056640153807431
2020-10-14,-0.0051501097806739
2020-10-07,-0.0042793758079607
2020-09-30,-0.010646229327126
2020-09-23,-0.0047993665134035
2020-09-16,-0.0069884097905931
2020-09-09,-0.0024603301877183
2020-09-02,-0.006030439820462
2020-08-26,-0.0022299360175252
2020-08-19,-0.0066262907935525
2020-08-12,-0.0023648269763551
2020-08-05,-0.0024681604597759
2020-07-29,-0.0061924387548352
2020-07-22,-0.00062225080751752
2020-07-15,-0.0011057047469523
2020-07-08,-0.0032436640699259
2020-07-01,-0.009164795762628
2020-06-24,-0.0090787957304532
2020-06-17,-0.0098951412320633
2020-06-10,-0.004528227680286
2020-06-03,-0.013207729672933
2020-05-27,-0.0057688339537442
2020-05-20,-0.0094839077064744
2020-05-13,0.0022698843254174
2020-05-06,0.015615640183495
2020-04-29,0.01106652720229
2020-04-22,0.032843652168983
2020-04-15,0.017587523241696
2020-04-08,0.014642233338544
2020-04-01,0.035820482644185
2020-03-25,0.062311181895334
2020-03-18,0.063512917572412
2020-03-11,0.010801089606464
2020-03-04,0.0040676875878401
2020-02-26,0.0011022735632967
2020-02-19,0.0021823763567328
2020-02-12,-0.0014033930495166
2020-02-05,-0.0018374252692233
2020-01-29,-0.0023073396250151
2020-01-22,0.00057659401290407
2020-01-15,-0.00049979341221241
2020-01-08,0.0028866961847118
2020-01-01,-0.003769683383418
2019-12-25,-0.0032326603818167
2019-12-18,-0.00023344124953385
2019-12-11,0.00087229678332522
2019-12-04,-0.0025949912827874
2019-11-27,0.00057004964245638
2019-11-20,0.0023832802396326
2019-11-13,-0.0017015470645576
2019-11-06,0.00034914415299785
2019-10-30,0.0015589076630749
2019-10-23,-0.0027789257423877
2019-10-16,0.0023538770269473
2019-10-09,-0.0017968835966732
2019-10-02,-0.0032719226988739
2019-09-25,0.0024789021922575
2019-09-18,0.0026300648532099
2019-09-11,-0.0011684723800249
2019-09-04,-0.00039872945705648
2019-08-28,-0.0016260286750013
2019-08-21,0.0029955885704094
2019-08-14,0.0055907464668699
2019-08-07,0.0010998290115572
2019-07-31,-0.00073992640317878
2019-07-24,0.0032422348961008
2019-07-17,-0.00033213204914632
2019-07-10,-0.0021723766658532
2019-07-03,0.0017469875611244
2019-06-26,0.0032206663691495
2019-06-19,0.0023280434721424
2019-06-12,0.0024571140483701
2019-06-05,-0.0014477402282474
2019-05-29,-0.0018111775492006
2019-05-22,-0.00020530093881668
2019-05-15,0.0044734096743818
2019-05-08,-0.0038845494459131
2019-05-01,0.0029451863719097
2019-04-24,-0.002837241708521
2019-04-17,0.003295226171305
2019-04-10,0.00081350579828524
2019-04-03,0.00015182865664458
2019-03-27,-0.0081041068198949
2019-03-20,-0.0013563614851191
2019-03-13,0.00060274954371149
2019-03-06,0.0061193150682931
2019-02-27,-0.00012020793266707
2019-02-20,0.00033183071529747
2019-02-13,0.0030844175012369
2019-02-06,0.0014843580067465
2019-01-30,-0.0040126268944736
2019-01-23,0.0010212741715178
2019-01-16,-0.00065097976991889
2019-01-09,0.0001865265791989
2019-01-02,0.0036939359543085
2018-12-26,0.009472237580328
2018-12-19,-0.00097410591738888
2018-12-12,0.0037124694325249
2018-12-05,0.0048392959719616
2018-11-28,-0.0021464105116678
2018-11-21,0.0068237102681196
2018-11-14,0.0055875722627068
2018-11-07,0.00068135587066199
2018-10-31,0.001939337077251
2018-10-24,0.0018090927718761
2018-10-17,0.0022672521963502
2018-10-10,0.00058345254760953
2018-10-03,0.0068487367001386
2018-09-26,-1.727495113657e-05
2018-09-19,0.0024510734602289
2018-09-12,0.00065266531175704
2018-09-05,0.0020077773507268
2018-08-29,0.00076742622963216
2018-08-22,0.0022618143288546
2018-08-15,0.0024837634444926
2018-08-08,-0.001343738093758
2018-08-01,0.0011976474195095
2018-07-25,-0.0019886463140445
2018-07-18,-0.0017704536948371
2018-07-11,0.006576279614673
2018-07-04,-0.0001806752010935
2018-06-27,-0.0018788309403362
2018-06-20,0.0095641006103756
2018-06-13,-0.0014196060747931
2018-06-06,0.0014235099693923
2018-05-30,0.0038015286426283
2018-05-23,0.0012187453869497
2018-05-16,0.00049414913568684
2018-05-09,-0.0016773350635503
2018-05-02,-0.00016465886872644
2018-04-25,0.0013938422592479
2018-04-18,0.0015160181426577
2018-04-11,0.0070398073218856
2018-04-04,0.016373736928747
2018-03-28,0.0021090032617094
2018-03-21,-0.0090017972109748
2018-03-14,0.002417650943378
2018-03-07,0.0030093297585307
2018-02-28,0.0022838050815197
2018-02-21,0.0033113580221572
2018-02-14,0.00081316566615902
2018-02-07,-0.0010508126983128
2018-01-31,-7.7040361977709e-05
2018-01-24,-0.002572696379095
2018-01-17,0.00081195466576181
2018-01-10,-0.0014235023716755
2018-01-03,0.0023287694570914
2017-12-27,0.0013801719619276
2017-12-20,0.0016114864868081
2017-12-13,4.1555002472445e-05
2017-12-06,-0.0017864288803453
2017-11-29,-0.00029070847269826
2017-11-22,0.000801087055786
2017-11-15,-0.0011041190273647
2017-11-08,-0.00034928691921908
2017-11-01,-0.0010142663091157
2017-10-25,0.00057304627022414
2017-10-18,-0.0045928815861496
2017-10-11,0.00022350197693671
2017-10-04,0.0036477751482835
2017-09-27,0.00045747312037098
2017-09-20,0.0062098952518402
2017-09-13,0.0024765589849812
2017-09-06,0.0017429590933066
2017-08-30,0.00073644523215629
2017-08-23,0.0012853085215939
2017-08-16,-0.00035188189597171
2017-08-09,-6.6636584185516e-05
2017-08-02,0.0022718496635459
2017-07-26,0.001148309104366
2017-07-19,0.001520251183514
2017-07-12,-0.00034281945173403
2017-07-05,0.0001820534822385
2017-06-28,-0.0025653536805106
2017-06-21,0.0042552885120885
2017-06-14,-0.00033126782834868
2017-06-07,0.00024993828848269
2017-05-31,-0.0015920800817632
2017-05-24,2.1032648024361e-05
2017-05-17,0.0023390693680698
2017-05-10,-0.0033781810618694
2017-05-03,0.0026183236660089
2017-04-26,0.0026131035738574
2017-04-19,-0.0010858084320169
2017-04-12,0.0023938761240773
2017-04-05,0.0033560943683569
2017-03-29,-0.00076394104878624
2017-03-22,-0.010768868189798
2017-03-15,0.0028551543590592
2017-03-08,-0.0057466145109704
2017-03-01,0.0017908911496273
2017-02-22,-0.00021206142344244
2017-02-15,-0.00095528468064244
2017-02-08,4.3007179079084e-05
2017-02-01,-0.00028196309076284
2017-01-25,6.2769038874002e-05
2017-01-18,0.00025502825183106
2017-01-11,0.003254161294753
2017-01-04,-0.0009356330009263
2016-12-28,-0.0027853590913439
2016-12-21,-0.0011308072121307
2016-12-14,-0.0020164361474721
2016-12-07,-0.0001466640410281
2016-11-30,0.00035313214145427
2016-11-23,0.00082438296833118
2016-11-16,0.001023973664812
2016-11-09,-0.00047179437065818
2016-11-02,-0.00090817740625386
2016-10-26,0.00072827798130132
2016-10-19,0.002741868356701
2016-10-12,0.0017991423871452
2016-10-05,0.0020461893140928
2016-09-28,0.0010135870272057
2016-09-21,0.0030396450651064
2016-09-14,0.00042542626282946
2016-09-07,0.0056262812376048
2016-08-31,0.00093013674745474
2016-08-24,0.0010593575452728
2016-08-17,-0.00072462941307876
2016-08-10,-0.00054114331535469
2016-08-03,-0.0010892861193814
2016-07-27,-0.0016194727491303
2016-07-20,-0.0017756805987247
2016-07-13,-0.00047411470462606
2016-07-06,0.0031080328157365
2016-06-29,0.0045597754342484
2016-06-22,-0.0009418230916255
2016-06-15,-0.00098537442740735
2016-06-08,-0.0013612522605145
2016-06-01,-0.00040798024947174
2016-05-25,0.0050257624515254
2016-05-18,-0.00051325335579415
2016-05-11,0.0014278973310671
2016-05-04,0.0028101404132167
2016-04-27,0.0006626160739169
2016-04-20,0.0015106233112724
2016-04-13,0.0036553066931048
2016-04-06,0.0039880904822206
2016-03-30,-9.2289104024002e-05
2016-03-23,-0.0022932285757981
2016-03-16,-0.00031986807605808
2016-03-09,0.0033892790352555
2016-03-02,0.016164748312424
2016-02-24,0.0012665747180113
2016-02-17,0.0007235154340527
2016-02-10,-0.0040920345431488
2016-02-03,0.0072897059440779
2016-01-27,0.0048716443930346
2016-01-20,0.0061217475765573
2016-01-13,-0.0016636456008662
2016-01-06,0.0010189232182917
2015-12-30,-2.0487041517398e-07
2015-12-23,-0.0013636504525195
2015-12-16,0.0012936638434475
2015-12-09,-0.00038411051079015
2015-12-02,0.0021318613226108
2015-11-25,0.002209995884087
2015-11-18,-0.0011727764867045
2015-11-11,0.0080191704272894
2015-11-04,0.00054992642526223
2015-10-28,0.0017324908553903
2015-10-21,-0.0032095355105551
2015-10-14,0.0039385155007523
2015-10-07,0.0025426612170583
2015-09-30,0.0042928524847824
2015-09-23,-0.0015908300376772
2015-09-16,0.0020750693594536
2015-09-09,0.00021025526736782
2015-09-02,-0.00019718986140741
2015-08-26,0.0052605394029903
2015-08-19,0.0022944874330725
2015-08-12,0.0014773802278053
2015-08-05,0.0040187133694738
2015-07-29,-0.0018353517230298
2015-07-22,-0.00016188080855155
2015-07-15,0.0015907140563961
2015-07-08,-4.2426422731224e-05
2015-07-01,0.0027539992262544
2015-06-24,0.0022476709372272
2015-06-17,0.0010360101173247
2015-06-10,0.0035775080485508
2015-06-03,-0.0006698958478963
2015-05-27,0.0023817453343671
2015-05-20,0.0050893563674215
2015-05-13,0.0023363715553942
2015-05-06,0.00029993471723294
2015-04-29,0.0020209697041166
2015-04-22,-0.00078956707747436
2015-04-15,0.0059416597401946
2015-04-08,-0.0009290512921271
2015-04-01,0.0033872648956045
2015-03-25,-0.00061764995060818
2015-03-18,0.0026240496578747
2015-03-11,0.0014137736446121
2015-03-04,0.0075907670236234
2015-02-25,0.0028196867674162
2015-02-18,0.0055852923228793
2015-02-11,0.0033138409058635
2015-02-04,-5.5082685075722e-05
2015-01-28,-0.00044637182460929
2015-01-21,0.0007068367030438
2015-01-14,0.0051791485151134
2015-01-07,0.0060150746517204
2014-12-31,-0.00486781756585
2014-12-24,0.0043873099824816
2014-12-17,0.0025351774590317
2014-12-10,0.0054846312487166
2014-12-03,-0.0031869443512316
2014-11-26,0.0074867985334524
2014-11-19,0.0057402119389591
2014-11-12,0.004060959684785
2014-11-05,0.00020297969816887
2014-10-29,0.002261971800559
2014-10-22,0.0013243929195819
2014-10-15,0.0023034607506438
2014-10-08,-0.0025356278847827
2014-10-01,0.0024656524498389
2014-09-24,-0.0026958584648869
2014-09-17,0.0053219578155946
2014-09-10,-0.00037600480486727
2014-09-03,0.005320577404367
2014-08-27,-0.00079153718762858
2014-08-20,0.0013310358739792
2014-08-13,0.003959695727903
2014-08-06,0.0032673633196177
2014-07-30,0.0036175575655853
2014-07-23,-0.00033648889604358
2014-07-16,0.00016821368524652
2014-07-09,-0.00014533487168222
2014-07-02,0.006789238294184
2014-06-25,0.0050070139066325
2014-06-18,0.0018348757859552
2014-06-11,0.0039692570842671
2014-06-04,-0.0026819515045337
2014-05-28,0.0032295896243743
2014-05-21,0.00028517420167759
2014-05-14,0.0013579377560363
2014-05-07,0.0031357393013848
2014-04-30,0.0026444809424656
2014-04-23,-0.002105110051577
2014-04-16,0.0039021430379971
2014-04-09,0.0065051557153897
2014-04-02,0.0029528269988788
2014-03-26,0.00071700220367054
2014-03-19,-0.0014377585830392
2014-03-12,-0.0034540153210272
2014-03-05,0.0065497617997681
2014-02-26,0.0036693659377571
2014-02-19,0.0052102823309114
2014-02-12,0.0057032596490689
2014-02-05,0.0085096465198617
2014-01-29,0.0021946633450412
2014-01-22,0.0046141851713532
2014-01-15,-0.001133659167921
2014-01-08,-0.00058440370327406
2014-01-01,0.0041470478872728
2013-12-25,0.0048585214833027
2013-12-18,-0.0018716967018065
2013-12-11,0.0015685753346514
2013-12-04,4.3005315966816e-05
2013-11-27,0.0091170539043256
2013-11-20,0.00084036490111108
2013-11-13,0.0030854450039422
2013-11-06,-0.002378749732695
2013-10-30,0.0028703518465398
2013-10-23,-0.003635168989225
2013-10-16,0.0081400758301266
2013-10-09,-0.0046476913591007
2013-10-02,0.0084386677440847
2013-09-25,-0.0031276430540693
2013-09-18,0.0017540138745052
2013-09-11,-6.5534719097868e-05
2013-09-04,0.0035589728793961
2013-08-28,-0.00033838164218284
2013-08-21,0.00037915984546519
2013-08-14,-5.4218679790192e-05
2013-08-07,-0.0026239748908451
2013-07-31,-0.00048164014437099
2013-07-24,0.0030903265133586
2013-07-17,0.0062945345012696
2013-07-10,-0.0011005312796553
2013-07-03,0.00070924718009108
2013-06-26,0.0028244677780917
2013-06-19,-0.0015975105329444
2013-06-12,0.0015079201343269
2013-06-05,0.0054610427115154
2013-05-29,0.00022051768843725
2013-05-22,-0.00063500777142102
2013-05-15,0.0052941257431827
2013-05-08,-0.0048993229753357
2013-05-01,0.0029968611895625
2013-04-24,-0.001303184049181
2013-04-17,0.0029855387530416
2013-04-10,0.00089467320476032
2013-04-03,-0.0010323283197526
2013-03-27,0.0053621180386299
2013-03-20,-0.001360426464035
2013-03-13,0.00065471696361979
2013-03-06,0.0039279112909047
2013-02-27,-0.00030297823381849
2013-02-20,0.0016016912871942
2013-02-13,-0.0011791689098454
2013-02-06,0.0032276893072602
2013-01-30,0.0019255303025554
2013-01-23,0.0014408464375561
2013-01-16,-0.0028143613724797
2013-01-09,-0.001805275200346
2013-01-02,0.0043400219065588
2012-12-26,0.0047434021123815
2012-12-19,0.0071800151636132
2012-12-12,0.0016333835281631
2012-12-05,0.0072877579470783
2012-11-28,-0.0066154145447426
2012-11-21,0.0027464904316437
2012-11-14,0.00010959167322874
2012-11-07,0.0019480274365762
2012-10-31,0.0045388147956494
2012-10-24,-0.00085062304376889
2012-10-17,0.00038108295906769
2012-10-10,0.0036009683877198
2012-10-03,0.0025142279239265
2012-09-26,0.0062528468653606
2012-09-19,0.00021168348844318
2012-09-12,4.9637627838678e-05
2012-09-05,0.0031866510209649
2012-08-29,-7.6791859137239e-05
2012-08-22,0.0010219191370417
2012-08-15,-0.0014122764015455
2012-08-08,0.0036753810471723
2012-08-01,0.0037506793992585
2012-07-25,0.0016467546751485
2012-07-18,0.0033732554537785
2012-07-11,0.0016217885572197
2012-07-04,0.0052499583347984
2012-06-27,-0.00062123290948837
2012-06-20,0.0039686375381798
2012-06-13,0.00072734015379771
2012-06-06,0.0065076968467611
2012-05-30,0.0026691051208987
2012-05-23,0.003553307792851
2012-05-16,0.0013305611126996
2012-05-09,0.002097601169476
2012-05-02,0.00020678379211862
2012-04-25,0.0021274968996845
2012-04-18,-9.7946056573493e-06
2012-04-11,0.0045354987029369
2012-04-04,0.0053718831340439
2012-03-28,0.0036160363298742
2012-03-21,0.0013161066122767
2012-03-14,0.00073169708661173
2012-03-07,-0.00090252178739361
2012-02-29,0.003036885360851
2012-02-22,-0.0014336549040053
2012-02-15,0.004470556665606
2012-02-08,0.00011426003269881
2012-02-01,0.014045302020915
2012-01-25,0.0030650648197785
2012-01-18,0.0015642391839864
2012-01-11,0.0029514990604707
2012-01-04,0.0028152053050504
2011-12-28,0.0022303635541643
2011-12-21,0.0025548515902532
2011-12-14,0.0026007069054161
2011-12-07,0.0028040629170597
2011-11-30,0.00067949917741185
2011-11-23,0.00098798829704328
2011-11-16,0.00036753544263187
2011-11-09,0.00083074064212061
2011-11-02,0.0057937074538124
2011-10-26,0.0033131819673276
2011-10-19,0.0027331102620749
2011-10-12,0.0023377366692198
2011-10-05,0.0019506148656755
2011-09-28,0.0007041055649394
2011-09-21,0.00049075893670362
2011-09-14,-0.00096788947333773
2011-09-07,0.00010246141296106
2011-08-31,0.0016691773879831
2011-08-24,0.0040577184689992
2011-08-17,0.0042251178555574
2011-08-10,0.0021223033396007
2011-08-03,0.0029079163034936
2011-07-27,0.0063825744045034
2011-07-20,0.0030665066123289
2011-07-13,0.0015947435700028
2011-07-06,0.0016693010771274
2011-06-29,0.0029242572469417
2011-06-22,-0.0023834545177208
2011-06-15,0.001738175436757
2011-06-08,-0.0038692491731153
2011-06-01,0.0060859775774809
2011-05-25,0.0049285742481218
2011-05-18,-0.0050994779127242
2011-05-11,0.0057991630382541
2011-05-04,0.0041394745393328
2011-04-27,0.00023738139246938
2011-04-20,0.0066580237984538
2011-04-13,-0.0010841567823191
2011-04-06,0.0018481111474929
2011-03-30,-1.357061498467e-05
2011-03-23,0.00035933663526805
2011-03-16,0.0044325056623346
2011-03-09,-0.0014831698207444
2011-03-02,0.0027454658688202
2011-02-23,0.0015049876948016
2011-02-16,0.002784342036893
2011-02-09,-0.00074805119463866
2011-02-02,0.0015501316473943
2011-01-26,-0.0017297097189923
2011-01-19,-0.00020151383405427
2011-01-12,0.0038582901008615
2011-01-05,0.00022833198246002
2010-12-29,-0.00256993253373
2010-12-22,0.0027154555791251
2010-12-15,0.0022261014747576
2010-12-08,0.0015194330435524
2010-12-01,0.00029968325694317
2010-11-24,0.0011586453965089
2010-11-17,-0.00083372458921507
2010-11-10,0.00075739433084654
2010-11-03,-0.0015689696484917
2010-10-27,0.0020174974025448
2010-10-20,0.003277173323997
2010-10-13,-0.00069078074881141
2010-10-06,-0.0020027960670097
2010-09-29,0.0015256642107132
2010-09-22,-0.0030692603924963
2010-09-15,-0.001512623987469
2010-09-08,0.0016179522767273
2010-09-01,0.00027720655023315
2010-08-25,-0.00059720908778718
2010-08-18,-0.0027524524858172
2010-08-11,0.0018622299901166
2010-08-04,-0.0015124540282964
2010-07-28,0.0021460976727492
2010-07-21,-0.00074689172375644
2010-07-14,-0.0015670565264476
2010-07-07,0.0050254778054274
2010-06-30,-0.0058390221925319
2010-06-23,-0.0016685493367244
2010-06-16,0.0020983352137952
2010-06-09,-0.0019550141398021
2010-06-02,-0.0021588781427744
2010-05-26,-0.0006459161641272
2010-05-19,-0.0034484990300108
2010-05-12,0.0031670552060095
2010-05-05,-0.0067733016640088
2010-04-28,-0.0029831448550868
2010-04-21,-0.0013596900286835
2010-04-14,0.00074141716193022
2010-04-07,-0.001165755402315
2010-03-31,0.0077127598920839
2010-03-24,-0.0090909233367734
2010-03-17,-0.00065706710202992
2010-03-10,-0.00210284851381
2010-03-03,-0.0032036477443536
2010-02-24,-0.0025885188822865
2010-02-17,-0.0052282252252918
2010-02-10,-0.001484054315202
2010-02-03,-0.002983063365397
2010-01-27,-0.0042497904618322
2010-01-20,0.00096665570542375
2010-01-13,-0.0059470161214293
2010-01-06,-0.0082925394278755
2009-12-30,-0.0027969425575017
2009-12-23,-0.0064470190194038
2009-12-16,-0.0044688160788534
2009-12-09,-0.0044546130623332
2009-12-02,-0.005732350771888
2009-11-25,-0.0010217788046786
2009-11-18,-0.0068530938812355
2009-11-11,-0.00070312779804084
2009-11-04,-0.0043123103188538
2009-10-28,0.0013405580275328
2009-10-21,-0.0066317164570479
2009-10-14,-0.0057075136288221
2009-10-07,-0.0033157857694868
2009-09-30,-0.009048822273978
2009-09-23,-0.004127092762641
2009-09-16,-0.0060601750886971
2009-09-09,-0.0019580334914162
2009-09-02,-0.0044327945902002
2009-08-26,-0.0017345913435478
2009-08-19,-0.0072882029388499
2009-08-12,-0.0085648877893942
2009-08-05,-0.0034218356586829
2009-07-29,-0.0053711369839404
2009-07-22,-0.0058320911032309
2009-07-15,0.0007217118405215
2009-07-08,-0.011067945675087
2009-07-01,-0.013575201978318
2009-06-24,-0.00023859073981086
2009-06-17,-0.007313126722437
2009-06-10,-0.0031062922984814
2009-06-03,-0.009740145661104
2009-05-27,-0.0012622908975096
2009-05-20,-0.0041352715592254
2009-05-13,-0.006133099157064
2009-05-06,-0.0041355612462011
2009-04-29,0.0031175218769889
2009-04-22,-0.0067196036857206
2009-04-15,-0.0028612378705675
2009-04-08,-0.0026968005938765
2009-04-01,-0.0034793712992387
2009-03-25,-0.00086600847813688
2009-03-18,-0.0066923506346028
2009-03-11,-0.00010897913010176
2009-03-04,-0.0048734812365275
2009-02-25,-0.0041235318229086
2009-02-18,-0.0021498413731392
2009-02-11,-0.0051897485843477
2009-02-04,-0.00039631032755332
2009-01-28,-0.0013403754098114
2009-01-21,0.0016285477863034
2009-01-14,0.0018113917814355
2009-01-07,0.0027321192661911
2008-12-31,-0.010812754442062
2008-12-24,-0.0067344864537191
2008-12-17,-0.0043181247815221
2008-12-10,-7.9258047983607e-05
2008-12-03,-0.002792988850119
2008-11-26,0.00462866961021
2008-11-19,-0.0074382368651838
2008-11-12,0.0014586266169237
2008-11-05,-0.0050535852724843
2008-10-29,-0.0064707019758936
2008-10-22,0.0030640943724737
2008-10-15,0.0099190415912787
2008-10-08,0.010990234358592
2008-10-01,0.010619842396802
2008-09-24,0.012403042689791
2008-09-17,0.0098725392532744
2008-09-10,-0.0020957371337973
2008-09-03,-0.00066210387669746
2008-08-27,0.00096487933154797
2008-08-20,-0.002257806633872
2008-08-13,6.6195012354353e-05
2008-08-06,-0.00022671435409993
2008-07-30,0.0020658021866797
2008-07-23,-3.9471105696098e-05
2008-07-16,0.0019541599480481
2008-07-09,0.0027648709796626
2008-07-02,0.00044520005359154
2008-06-25,0.0058747456262284
2008-06-18,0.0012678422933233
2008-06-11,0.0033444043414398
2008-06-04,-0.0022286543028842
2008-05-28,-0.00088404579524592
2008-05-21,0.0013355154394421
2008-05-14,0.002588150387211
2008-05-07,-0.00055653091208469
2008-04-30,-0.0027458067814574
2008-04-23,-0.0013482733852078
2008-04-16,0.0059306678022524
2008-04-09,0.001722221360857
2008-04-02,0.0035846537364938
2008-03-26,0.0076005574701027
2008-03-19,0.00063770011601243
2008-03-12,0.0044779289544329
2008-03-05,0.003595788362485
2008-02-27,0.002745288019774
2008-02-20,0.0029909160468788
2008-02-13,0.002782868051776
2008-02-06,-0.0029251223848719
2008-01-30,0.0038099352477593
2008-01-23,-0.0004224611983024
2008-01-16,0.002560873969192
2008-01-09,0.002401425027268
2008-01-02,0.0072344117249018
2007-12-26,0.0083943327223952
2007-12-19,0.0020570030999106
2007-12-12,-0.0023769997328839
2007-12-05,0.0049288290825816
2007-11-28,0.0026181672301532
2007-11-21,0.012506020774081
2007-11-14,0.0049987867410063
2007-11-07,0.00069584858044353
2007-10-31,0.0025309105547111
2007-10-24,-0.0033362663892118
2007-10-17,0.0010601581635085
2007-10-10,0.0096988865203208
2007-10-03,0.0025933123578542
2007-09-26,0.0057032831176164
2007-09-19,0.0055798746659201
2007-09-12,0.0099835540599054
2007-09-05,0.007660846203982
2007-08-29,0.0056742075350827
2007-08-22,0.0099991472975445
2007-08-15,0.0064150918283394
2007-08-08,0.0075305117174038
2007-08-01,-0.0016330406625568
2007-07-25,0.0032804659797007
2007-07-18,-0.00073057550574335
2007-07-11,0.0026930853714636
2007-07-04,0.010231767448721
2007-06-27,-0.0030130985817482
2007-06-20,0.0095817298209659
2007-06-13,-0.00064508608675008
2007-06-06,0.0088773812764064
2007-05-30,0.0046011493726738
2007-05-23,-0.0062949530825474
2007-05-16,0.0050703176989148
2007-05-09,0.0060529327152137
2007-05-02,0.0051606214428399
2007-04-25,0.0034605690651866
2007-04-18,0.0019884379591482
2007-04-11,-0.0013391600607648
2007-04-04,0.003766412375929
2007-03-28,0.00030197510592734
2007-03-21,0.0071036036758216
2007-03-14,-0.0016899648724251
2007-03-07,-0.0013415729846436
2007-02-28,0.0066494585086661
2007-02-21,0.0036083738245317
2007-02-14,0.0016039874332224
2007-02-07,0.0047423874395003
2007-01-31,-0.00038040891571977
2007-01-24,0.00031661919054036
2007-01-17,0.0029226700860672
2007-01-10,0.0030671310632906
2007-01-03,0.0043818089675506
2006-12-27,-0.0067804939186712
2006-12-20,0.010753571609422
2006-12-13,-0.0020361583879228
2006-12-06,0.0076764793510011
2006-11-29,0.00056859362713487
2006-11-22,0.0014979726512113
2006-11-15,-0.0019074342765796
2006-11-08,-0.0023244213180741
2006-11-01,0.0063256060884506
2006-10-25,0.0076046403105759
2006-10-18,0.0016673277961252
2006-10-11,-0.00092265096438449
2006-10-04,0.0083953823347057
2006-09-27,-0.0072521003177908
2006-09-20,0.0048895587039028
2006-09-13,-0.0034873251329029
2006-09-06,0.00083942781419895
2006-08-30,-0.0011562057758443
2006-08-23,-0.0033351260309021
2006-08-16,0.0076274199141807
2006-08-09,0.0035377688211503
2006-08-02,0.012443604632647
2006-07-26,0.0010363591780218
2006-07-19,0.0041367983606463
2006-07-12,-0.0026773476787378
2006-07-05,0.0070404780601952
2006-06-28,0.0055905702739112
2006-06-21,-0.0057634468819634
2006-06-14,0.00045969405065136
2006-06-07,0.012360135134463
2006-05-31,0.0015962711945468
2006-05-24,8.4245433580309e-05
2006-05-17,0.0029666047094623
2006-05-10,0.0010541220264028
2006-05-03,0.0081117047856582
2006-04-26,0.0062331036852256
2006-04-19,0.0086499564952378
2006-04-12,-0.0063859371795543
2006-04-05,0.008029553169925
2006-03-29,0.0050654846421847
2006-03-22,-0.0022670241314929
2006-03-15,0.0078364846097681
2006-03-08,-0.0018356654863295
2006-03-01,0.003438363677414
2006-02-22,0.0020402072086629
2006-02-15,0.0035944871247357
2006-02-08,-0.0010806686649212
2006-02-01,0.0017558231366846
2006-01-25,0.0066935235977531
2006-01-18,0.0018900438252296
2006-01-11,8.9066084640625e-05
2006-01-04,0.00079983974451128
2005-12-28,0.006476915984345
2005-12-21,0.0045972573645227
2005-12-14,0.0023531900806407
2005-12-07,0.0051979718984949
2005-11-30,-0.001341094708902
2005-11-23,0.0023477585601065
2005-11-16,0.0037601387423109
2005-11-09,0.0016859032933244
2005-11-02,0.0017019638688299
2005-10-26,0.0015149514946368
2005-10-19,0.0017008245473365
2005-10-12,0.00010094171110021
2005-10-05,0.0046300885503691
2005-09-28,0.0065305682187603
2005-09-21,0.0039660882111201
2005-09-14,0.0031755831953006
2005-09-07,-0.0016957597871459
2005-08-31,-0.0013913620035131
2005-08-24,-9.6658978400846e-05
2005-08-17,0.0040179010068762
2005-08-10,-0.0022395453730928
2005-08-03,0.0019093011506931
2005-07-27,0.0027296845372706
2005-07-20,0.0047991125748308
2005-07-13,0.0027464538697019
2005-07-06,0.0075433384694485
2005-06-29,0.0010134632797735
2005-06-22,-0.00063661095056912
2005-06-15,0.003802505884708
2005-06-08,-0.0020284954382721
2005-06-01,-0.0019249953686171
2005-05-25,0.0092373696986104
2005-05-18,0.0033469880790656
2005-05-11,0.004921110214643
2005-05-04,-0.003024278533423
2005-04-27,0.0040370999886756
2005-04-20,-0.00090210563614244
2005-04-13,0.0048491602878103
2005-04-06,0.0055196857694351
2005-03-30,0.0014388841425513
2005-03-23,0.0013428742559383
2005-03-16,0.0046845002707883
2005-03-09,0.0083060777447336
2005-03-02,0.0012745488361825
2005-02-23,0.0014376862909701
2005-02-16,0.002056324868572
2005-02-09,0.0014501630181398
2005-02-02,0.0061647504359699
2005-01-26,0.0018254439199528
2005-01-19,0.0026038540261343
2005-01-12,0.0022980493036032
2005-01-05,0.0025351924744814
2004-12-29,0.011729179875826
2004-12-22,-0.0003379295812272
2004-12-15,0.0024727086111558
2004-12-08,0.0032037166183108
2004-12-01,0.001049798325579
2004-11-24,0.0015773486400024
2004-11-17,-0.0023377914463917
2004-11-10,0.0046558763292282
2004-11-03,-0.00057295013903646
2004-10-27,0.0064630583263069
2004-10-20,0.004232307828516
2004-10-13,0.0021435503082464
2004-10-06,-0.0036915035096908
2004-09-29,0.0011633749342032
2004-09-22,-0.003281100727047
2004-09-15,0.0028027660969217
2004-09-08,2.5274162607133e-05
2004-09-01,0.0011027846583373
2004-08-25,0.0051136455236954
2004-08-18,-0.001201438278674
2004-08-11,0.0018626021079725
2004-08-04,0.0014291825376238
2004-07-28,-0.00029742085505932
2004-07-21,0.0025816412693146
2004-07-14,0.00054524693901857
2004-07-07,0.0049190936136626
2004-06-30,0.0018641802965252
2004-06-23,0.0018922207538707
2004-06-16,0.0030999463428645
2004-06-09,0.0018742331171267
2004-06-02,-0.00084993941220478
2004-05-26,0.0038244486542625
2004-05-19,0.0013086977116201
2004-05-12,-0.00046381666900218
2004-05-05,-0.0047777690349034
2004-04-28,0.0038677362938073
2004-04-21,-0.004188926523184
2004-04-14,0.00026469340104667
2004-04-07,0.00022592427295724
2004-03-31,-0.0049971248048564
2004-03-24,0.00090263987925828
2004-03-17,-0.0038981029492165
2004-03-10,-0.00011737755165786
2004-03-03,0.00013860266502316
2004-02-25,-0.0045740784570513
2004-02-18,0.00014826128546303
2004-02-11,0.0013759611955856
2004-02-04,-0.00083363595460455
2004-01-28,-0.00068550936815249
2004-01-21,0.00072506320463549
2004-01-14,-0.003376225879345
2004-01-07,-0.0018086671055032
2003-12-31,-0.0016672787583469
2003-12-24,-0.013745627202339
2003-12-17,0.015178432115805
2003-12-10,0.0016952412781185
2003-12-03,-0.004177184863312
2003-11-26,0.0037125501773559
2003-11-19,-0.0054134409206468
2003-11-12,0.0022972023050002
2003-11-05,-0.0021456980066904
2003-10-29,-0.00079331912290095
2003-10-22,-0.0053108402921536
2003-10-15,0.00019180526077087
2003-10-08,-0.004964305663403
2003-10-01,-0.0044390761660691
2003-09-24,-0.0033409673775593
2003-09-17,-0.0023394518628293
2003-09-10,-0.0046929887891611
2003-09-03,-0.001764865748071
2003-08-27,0.00039284790071834
2003-08-20,-0.0019550163868295
2003-08-13,-0.0030434175471838
2003-08-06,-0.0049072796928185
2003-07-30,-0.0042062834873149
2003-07-23,-0.0011852261035047
2003-07-16,-0.0019862382681041
2003-07-09,-0.002095968927625
2003-07-02,0.011340241978733
2003-06-25,0.001590116845867
2003-06-18,-0.0016784960151686
2003-06-11,-0.00032227650975304
2003-06-04,-0.0054896511842708
2003-05-28,-0.0015139548271425
2003-05-21,-0.0045711575857333
2003-05-14,-0.0016553167438357
2003-05-07,-0.0029174004553069
2003-04-30,-0.0019787022915244
2003-04-23,-0.0055016359210707
2003-04-16,0.0012737784970053
2003-04-09,-0.00072408624368368
2003-04-02,0.002091311109938
2003-03-26,-0.00020513508679672
2003-03-19,-0.003443240408751
2003-03-12,-0.00033825772577775
2003-03-05,-0.00060770673836459
2003-02-26,-0.0021300325029777
2003-02-19,-0.00098205306246585
2003-02-12,0.0010269017692135
2003-02-05,-0.0053166934926307
2003-01-29,-0.002867502758429
2003-01-22,-0.0024054039349811
2003-01-15,-0.0024007816449646
2003-01-08,0.0011594556212671
2003-01-01,-0.0068150361494988
2002-12-25,0.0029131321342611
2002-12-18,-0.0016292385839332
2002-12-11,-0.0027572210864995
2002-12-04,-0.0010380806948999
2002-11-27,0.0028938591737191
2002-11-20,0.001120401767017
2002-11-13,-0.0036801430599608
2002-11-06,0.00036730712813965
2002-10-30,-0.0011666988499104
2002-10-23,-0.0023504006904153
2002-10-16,0.002782480597664
2002-10-09,-8.4061755984664e-05
2002-10-02,-0.0041602502958894
2002-09-25,0.0014793041974829
2002-09-18,-0.0019869647582656
2002-09-11,-0.0055979102067682
2002-09-04,0.0012619456204926
2002-08-28,-0.00099271205332462
2002-08-21,-0.00036999548457423
2002-08-14,-0.0018895902463067
2002-08-07,-5.0803892050214e-05
2002-07-31,-0.0018814318878836
2002-07-24,-0.0011542010565033
2002-07-17,-0.00025686652505427
2002-07-10,-0.0023636890980873
2002-07-03,-0.0008671206882312
2002-06-26,-0.0018219715664142
2002-06-19,-0.0048429613025979
2002-06-12,-0.0026528551048747
2002-06-05,-0.0020633867406535
2002-05-29,3.0042394052194e-05
2002-05-22,0.0017517726270631
2002-05-15,0.0003060933796952
2002-05-08,-0.0021088001351632
2002-05-01,-0.0060782385852925
2002-04-24,-0.0024089860848344
2002-04-17,-0.004740121960476
2002-04-10,-0.0046823808119223
2002-04-03,-0.0017842149557973
2002-03-27,-0.002195686950505
2002-03-20,0.0046859149874967
2002-03-13,-0.0043105561715497
2002-03-06,-0.0040790760670656
2002-02-27,-0.0022886653278623
2002-02-20,0.0053497343365075
2002-02-13,-0.00030394256362409
2002-02-06,0.0069475798055003
2002-01-30,-0.0017452772636809
2002-01-23,-0.0035399739159816
2002-01-16,-0.0031844088697572
2002-01-09,0.0029740610258695
2002-01-02,-0.0045977137923164
2001-12-26,-0.0031309618458509
2001-12-19,-0.0055232304267782
2001-12-12,-0.0010039405786227
2001-12-05,0.00017237835336462
2001-11-28,-0.0061784939722754
2001-11-21,-0.0035504152218068
2001-11-14,0.00054400880901031
2001-11-07,-7.5176288396484e-05
2001-10-31,-0.0030458396025639
2001-10-24,-0.0054367260876654
2001-10-17,-0.0032690315836839
2001-10-10,-0.0033758986543111
2001-10-03,-0.0012472458432012
2001-09-26,-0.0045213169845844
2001-09-19,-0.010597159821841
2001-09-12,0.01621290868206
2001-09-05,0.00010297350467981
2001-08-29,-0.00046207573412728
2001-08-22,-0.0036861929099432
2001-08-15,0.00077295658352429
2001-08-08,-0.0046718061806724
2001-08-01,-0.0025674787156182
2001-07-25,-0.00010046544608345
2001-07-18,0.0010017133829019
2001-07-11,0.00086702921287359
2001-07-04,-0.0064906523857983
2001-06-27,-0.00098631566377407
2001-06-20,-0.0027598161972281
2001-06-13,-0.0034333561283486
2001-06-06,-0.0027507331633376
2001-05-30,-0.0021471458813607
2001-05-23,-0.0012608974070498
2001-05-16,-0.0034711692249217
2001-05-09,-0.00028930291227604
2001-05-02,0.00011687402771504
2001-04-25,-0.00086615670982718
2001-04-18,-0.0010206274222019
2001-04-11,0.0012605656623124
2001-04-04,-0.0028689717509654
2001-03-28,0.0010716782442809
2001-03-21,-0.0011713129938929
2001-03-14,-0.001363906114474
2001-03-07,-0.003071530876364
2001-02-28,0.0028581002755542
2001-02-21,0.002089890575689
2001-02-14,-0.0024991160080661
2001-02-07,-0.00036013694154678
2001-01-31,-0.0025477883409757
2001-01-24,0.0038325798736879
2001-01-17,0.0013885239711786
2001-01-10,0.0013735574689091
2001-01-03,0.00029767130226649
2000-12-27,0.0016826282962728
2000-12-20,0.0095223518411327
2000-12-13,-0.0029342275212507
2000-12-06,0.00051339485866707
2000-11-29,-0.0010580569707199
2000-11-22,-0.0012701606146625
2000-11-15,0.0064433852999646
2000-11-08,-0.0041348968695501
2000-11-01,0.00060311871818844
2000-10-25,0.00440456408923
2000-10-18,-0.0012920870995988
2000-10-11,-0.00034574961934115
2000-10-04,-0.00010425250904598
2000-09-27,0.0020978899976667
2000-09-20,0.0085287108307958
2000-09-13,-0.0057096880269224
2000-09-06,0.002043876270003
2000-08-30,-0.0027342793387352
2000-08-23,0.00070749192340685
2000-08-16,-0.00078747166877726
2000-08-09,0.0028064171354935
2000-08-02,-6.4213595167806e-05
2000-07-26,0.0015451926730569
2000-07-19,-0.0003850732687283
2000-07-12,0.0024992408278068
2000-07-05,0.0029311803010833
2000-06-28,-0.0026703722953893
2000-06-21,0.0053541513328161
2000-06-14,-0.001497539017212
2000-06-07,0.0054655180431614
2000-05-31,0.0010152006097271
2000-05-24,0.0020602351343337
2000-05-17,0.0039904057049182
2000-05-10,0.0044139369006199
2000-05-03,0.0046780048110239
2000-04-26,0.0033556661330938
2000-04-19,0.0038721117308796
2000-04-12,0.0036280230849959
2000-04-05,-0.0001218046941505
2000-03-29,-0.0009043498410875
2000-03-22,0.00068125337392576
2000-03-15,0.0069162597625645
2000-03-08,0.0041627225525306
2000-03-01,0.0020266982960105
2000-02-23,-0.0041732805433527
2000-02-16,0.0029849191992038
2000-02-09,-0.00095590129662742
2000-02-02,0.010871471155532
2000-01-26,0.0035634155998416
2000-01-19,0.0035554622070836
2000-01-12,0.0035504033398445
2000-01-05,-0.0046461102214424
1999-12-29,0.00043599096404222
1999-12-22,-0.0023358565001797
1999-12-15,-0.0018961836937169
1999-12-08,-0.0016781815807588
1999-12-01,0.0037799487614489
1999-11-24,0.0013679372268361
1999-11-17,0.0026595571407366
1999-11-10,0.004889556161858
1999-11-03,0.010571899205258
1999-10-27,0.0036409978751226
1999-10-20,0.009082859054356
1999-10-13,-0.0026449619263664
1999-10-06,-0.0037128189306544
1999-09-29,0.0026166702816749
1999-09-22,-0.0016414111768321
1999-09-15,-0.00038772258945801
1999-09-08,-0.00032089808842284
1999-09-01,0.0042858659852965
1999-08-25,0.0056008032839944
1999-08-18,0.00066328968074091
1999-08-11,0.0014130635171429
1999-08-04,0.001969593580941
1999-07-28,0.0035997998500857
1999-07-21,0.002008025624998
1999-07-14,0.0046404153083008
1999-07-07,0.0010643830938559
1999-06-30,0.00154294808951
1999-06-23,-0.00084190316168442
1999-06-16,0.0040201576899226
1999-06-09,0.0023899650462983
1999-06-02,0.0036650511963299
1999-05-26,0.0019208565800857
1999-05-19,-0.0038479192085371
1999-05-12,0.00026730571216713
1999-05-05,-0.0015662807232394
1999-04-28,-0.0054068032431134
1999-04-21,0.0018482510076982
1999-04-14,0.00022305086097741
1999-04-07,-0.00095470339788819
1999-03-31,-0.00042293901522851
1999-03-24,0.0057270105204306
1999-03-17,0.0056106994485847
1999-03-10,-0.00085370046357272
1999-03-03,0.003827069104425
1999-02-24,0.00025828991974405
1999-02-17,-0.00031218101240485
1999-02-10,0.0011637219628981
1999-02-03,-0.0021300846428371
1999-01-27,-0.0027762223592907
1999-01-20,0.00067571908625132
1999-01-13,-0.00054862737201211
1999-01-06,0.0025474954378993
1998-12-30,0.00040617132633365
1998-12-23,-0.005310721282851
1998-12-16,-0.0013869987485822
1998-12-09,0.0038697425240996
1998-12-02,-0.0039177006000931
1998-11-25,-0.0020423470476112
1998-11-18,0.0019419397355895
1998-11-11,0.0021711949768169
1998-11-04,0.0019198580161368
1998-10-28,0.0048793591794208
1998-10-21,0.0070314894673696
1998-10-14,0.0080874909699264
1998-10-07,0.0075241657792599
1998-09-30,-0.0022551628024832
1998-09-23,0.0017216358954519
1998-09-16,0.00646395142974
1998-09-09,0.0017430650235394
1998-09-02,0.0014888154356035
1998-08-26,0.00039840602226344
1998-08-19,0.0021028686858843
1998-08-12,0.0034880371417166
1998-08-05,-0.00097225017905641
1998-07-29,0.0046703478421978
1998-07-22,-0.0017273932296608
1998-07-15,0.0032263134735368
1998-07-08,0.00012222632001917
1998-07-01,0.0035258921775265
1998-06-24,-0.00057718735068873
1998-06-17,0.0045926650864359
1998-06-10,0.0043342269277627
1998-06-03,0.0048689447484174
1998-05-27,0.0031347683727889
1998-05-20,0.0078032642962699
1998-05-13,0.0011800004300528
1998-05-06,0.0051617277403887
1998-04-29,0.0011864570550106
1998-04-22,-0.00064794806423924
1998-04-15,0.0021580365101161
1998-04-08,0.00048385391206273
1998-04-01,-0.0021697836625958
1998-03-25,-0.00051932589625352
1998-03-18,-0.0057691894242871
1998-03-11,-0.00073434791754573
1998-03-04,0.0054656315896779
1998-02-25,0.0046529434968053
1998-02-18,0.0035234904018514
1998-02-11,0.00050732309350111
1998-02-04,0.0019528169445717
1998-01-28,-0.0011821757561149
1998-01-21,0.0053470638451919
1998-01-14,-0.001490371930439
1998-01-07,0.0035580424469954
1997-12-31,0.0040879280207608
1997-12-24,0.0061313340196827
1997-12-17,0.0033292590791073
1997-12-10,-0.0035978734284145
1997-12-03,-0.0018766200754414
1997-11-26,0.0066930176743925
1997-11-19,0.00035383235501727
1997-11-12,0.004627094808419
1997-11-05,0.0041516099774825
1997-10-29,-0.0012186477863975
1997-10-22,-0.0042720516580133
1997-10-15,-0.00074817949564958
1997-10-08,0.0043053650104713
1997-10-01,0.0048372698411856
1997-09-24,-0.001334429312478
1997-09-17,0.00059967780881066
1997-09-10,0.0016838332803373
1997-09-03,0.0036860154802954
1997-08-27,0.0027209258853674
1997-08-20,0.0035506044687607
1997-08-13,0.0014218947856489
1997-08-06,0.0026334095078537
1997-07-30,0.00065354374999317
1997-07-23,-0.0011443818428501
1997-07-16,0.0013139257994724
1997-07-09,-0.0027037450150504
1997-07-02,0.0037047220237725
1997-06-25,0.0036761038840138
1997-06-18,0.00098411875887624
1997-06-11,0.0011471521232804
1997-06-04,-0.00020011923256863
1997-05-28,0.00044979191569394
1997-05-21,0.00068107623384846
1997-05-14,0.0038880775294265
1997-05-07,-0.0028228803914789
1997-04-30,0.0057563576363516
1997-04-23,-6.1927250651423e-05
1997-04-16,0.0046345874295217
1997-04-09,0.0042283849787452
1997-04-02,-0.0017040520268149
1997-03-26,0.0048710047101649
1997-03-19,0.0001082450779327
1997-03-12,0.0016893325188629
1997-03-05,0.0020127335845419
1997-02-26,0.00063016568364196
1997-02-19,0.0053565686848904
1997-02-12,0.0022530239662749
1997-02-05,0.0032502068917574
1997-01-29,-0.00096630667732082
1997-01-22,0.0011760396210702
1997-01-15,0.0016391169636634
1997-01-08,0.002828905160807
1997-01-01,-0.0020645758426689
1996-12-25,0.002507748730359
1996-12-18,-0.0004082864691938
1996-12-11,0.0051640063056267
1996-12-04,-0.002197997760409
1996-11-27,0.0083662791852723
1996-11-20,-0.0015350481705635
1996-11-13,0.0035602250918907
1996-11-06,0.0029659317172782
1996-10-30,-0.0004786940704023
1996-10-23,0.00066056431065404
1996-10-16,0.0018743877738762
1996-10-09,-0.00035450938685173
1996-10-02,0.0037910453283947
1996-09-25,0.0069961439814571
1996-09-18,0.0021723401313919
1996-09-11,0.0025517278826022
1996-09-04,0.0053974150122027
1996-08-28,0.0009295742622023
1996-08-21,0.0043523765180719
1996-08-14,-0.00099448682455757
1996-08-07,0.0014661963347239
1996-07-31,-0.0020082535335014
1996-07-24,0.0019056375838927
1996-07-17,0.0013408558897122
1996-07-10,-0.00087933078468861
1996-07-03,0.0010293167753631
1996-06-26,0.0040575781433373
1996-06-19,0.0014406216651495
1996-06-12,0.0020723577946049
1996-06-05,0.0036592007208286
1996-05-29,-0.0034556727466529
1996-05-22,0.0013491073304754
1996-05-15,0.0037029850858041
1996-05-08,-0.0012065467400187
1996-05-01,0.0049729179203401
1996-04-24,0.00082754496407432
1996-04-17,-0.00022701037861373
1996-04-10,0.00079174385656032
1996-04-03,0.0020398305928511
1996-03-27,0.0018157422767067
1996-03-20,0.003022199683462
1996-03-13,0.0018960632078136
1996-03-06,-0.00055747651906141
1996-02-28,-0.0001290032929642
1996-02-21,0.001090887142076
1996-02-14,0.001023009769681
1996-02-07,-0.00085152893927455
1996-01-31,0.0016322242805677
1996-01-24,0.0021767374343231
1996-01-17,0.0010748929549324
1996-01-10,0.00049264155736412
1996-01-03,0.0062619179791468
1995-12-27,0.003162099890054
1995-12-20,-0.0010122091159325
1995-12-13,-0.0012738958636642
1995-12-06,0.0018818562042114
1995-11-29,0.00047657712466248
1995-11-22,0.0014781827970247
1995-11-15,0.001208071599717
1995-11-08,-0.0011235797269762
1995-11-01,0.0070475039724765
1995-10-25,0.0046770228571412
1995-10-18,-0.0010612123822778
1995-10-11,0.0013357842370922
1995-10-04,-0.0031502211785079
1995-09-27,-0.0033078329246435
1995-09-20,0.0044560999409976
1995-09-13,-0.0015588605816724
1995-09-06,0.0064558500582645
1995-08-30,-0.00096212047536755
1995-08-23,-0.0013332565459469
1995-08-16,-0.0005727332093596
1995-08-09,0.00082937397697276
1995-08-02,0.0063154827158336
1995-07-26,0.0015381856376467
1995-07-19,0.00069704135424852
1995-07-12,-0.00038502478713581
1995-07-05,0.0079177070692647
1995-06-28,0.0010301408804463
1995-06-21,0.002943964263803
1995-06-14,0.0011841812217129
1995-06-07,0.00091857982934224
1995-05-31,0.0015455176202407
1995-05-24,0.0017875546975396
1995-05-17,-0.001462828978087
1995-05-10,0.0055553805755054
1995-05-03,0.0034099777200481
1995-04-26,0.0064251356526014
1995-04-19,-0.00067237386115565
1995-04-12,0.0045529497045862
1995-04-05,-0.0023336144042237
1995-03-29,0.0010753586098474
1995-03-22,-0.00018196205816737
1995-03-15,0.0050639503522706
1995-03-08,-0.0019245399446543
1995-03-01,0.0090655075690502
1995-02-22,0.00053332868742117
1995-02-15,0.0033573421194761
1995-02-08,0.0014001091958412
1995-02-01,0.0094059644986494
1995-01-25,0.005350124909245
1995-01-18,0.0031714638308868
1995-01-11,0.0067845427807455
1995-01-04,0.0023655175813862
1994-12-28,-0.0019003613951664
1994-12-21,0.0071510168205131
1994-12-14,0.00062174633841009
1994-12-07,0.00036488470641671
1994-11-30,0.0020537411760881
1994-11-23,0.0013750089616648
1994-11-16,0.0056537624242275
1994-11-09,0.0020384939846839
1994-11-02,0.0014903515770018
1994-10-26,0.0012738063621352
1994-10-19,0.0045474783176857
1994-10-12,-0.00035754965866
1994-10-05,0.0062166629133766
1994-09-28,-0.0011834015362987
1994-09-21,0.0050424229044214
1994-09-14,0.0001068668875035
1994-09-07,-0.00030013203563789
1994-08-31,-0.00023671299944079
1994-08-24,0.0019257918563669
1994-08-17,0.0022364022251614
1994-08-10,0.0046360772395869
1994-08-03,-0.0021043264137362
1994-07-27,0.0025069528327402
1994-07-20,0.0037065430329222
1994-07-13,0.0063818489001836
1994-07-06,0.0039473012549657
1994-06-29,-0.0022011291596058
1994-06-22,0.0020702924601966
1994-06-15,0.0043458223668596
1994-06-08,-0.0012570350172159
1994-06-01,0.0020365322141919
1994-05-25,0.0037849742532669
1994-05-18,0.001219153744173
1994-05-11,0.0018044611794217
1994-05-04,0.0019989429499152
1994-04-27,-0.0020857772575881
1994-04-20,0.0077863359134931
1994-04-13,-0.0050447031366377
1994-04-06,0.0036314855984774
1994-03-30,0.0051679721122686
1994-03-23,-0.0012011400344051
1994-03-16,0.0093959192784178
1994-03-09,0.0036387846717556
1994-03-02,0.0019274638047059
1994-02-23,-0.0027885404911532
1994-02-16,0.0011038965013297
1994-02-09,0.0012383786040862
1994-02-02,-0.00023791634296379
1994-01-26,-0.0003791948752042
1994-01-19,0.00046378881593255
1994-01-12,0.0016350354112768
1994-01-05,0.0059238081388569
1993-12-29,-0.0011173525032173
1993-12-22,-0.0015848681773451
1993-12-15,0.0038290983318083
1993-12-08,-0.0008994678320184
1993-12-01,-0.00053675098508628
1993-11-24,-0.0010155544233562
1993-11-17,-0.0022019592755441
1993-11-10,0.00018714858366982
1993-11-03,0.00047142638028141
1993-10-27,0.0023359007846324
1993-10-20,9.221736833575e-05
1993-10-13,0.00042304180260036
1993-10-06,-0.0052596125585915
1993-09-29,0.0015865034785703
1993-09-22,-0.002674303411692
1993-09-15,0.0057772719506257
1993-09-08,-0.0045820797012333
1993-09-01,-0.0026668858021635
1993-08-25,0.00055852883402969
1993-08-18,-0.0017423402792435
1993-08-11,-0.0012425459547669
1993-08-04,0.004356178767826
1993-07-28,-0.0013383854461563
1993-07-21,0.00071396313251805
1993-07-14,-0.0051362993798512
1993-07-07,-0.00074516190928762
1993-06-30,0.001202849332015
1993-06-23,-0.0019184298389626
1993-06-16,0.0022946427859623
1993-06-09,-0.0021507476585845
1993-06-02,0.0028551995745632
1993-05-26,0.0032886322757009
1993-05-19,9.265090942656e-05
1993-05-12,0.0026382962446373
1993-05-05,-0.0010363132699105
1993-04-28,0.0017945439438543
1993-04-21,0.000892342632888
1993-04-14,-0.0031227391302198
1993-04-07,-0.0037155605235284
1993-03-31,-0.0030862927381856
1993-03-24,-0.0035880367500821
1993-03-17,9.7206888323089e-05
1993-03-10,-0.00089077524086584
1993-03-03,0.0010569620157017
1993-02-24,-0.0025323390522678
1993-02-17,0.0010299223538657
1993-02-10,-0.0047811441938074
1993-02-03,-0.00031757976718415
1993-01-27,0.0014087898411307
1993-01-20,0.001932543839741
1993-01-13,-0.0014165688491603
1993-01-06,-0.0010472168952335
1992-12-30,0.00026539892933941
1992-12-23,-0.0026095592982418
1992-12-16,0.0003244165401184
1992-12-09,-0.00088420303671186
1992-12-02,-0.00051713511827464
1992-11-25,0.0037476679899227
1992-11-18,-0.0021823180311432
1992-11-11,0.0012379205885935
1992-11-04,-0.00010112323937813
1992-10-28,0.00017041247030145
1992-10-21,-0.0018601681266528
1992-10-14,-0.00087365403668138
1992-10-07,-0.00086671318328242
1992-09-30,-0.00032144622734238
1992-09-23,-0.00013731419777029
1992-09-16,0.00075262016971902
1992-09-09,-8.6930050229608e-06
1992-09-02,0.0021910811036763
1992-08-26,0.00051075348123658
1992-08-19,-0.0014523699809168
1992-08-12,-0.00038901078823116
1992-08-05,0.001017649417431
1992-07-29,-0.0033101013596474
1992-07-22,-0.0042281379287875
1992-07-15,0.0035247467078316
1992-07-08,-0.0035713318095695
1992-07-01,0.0021923738506319
1992-06-24,-0.00047453084716905
1992-06-17,-0.0014429860883771
1992-06-10,-0.00030948364598326
1992-06-03,-0.00043362086882683
1992-05-27,-0.00050098802743226
1992-05-20,-0.0010095906131628
1992-05-13,0.0012076237581828
1992-05-06,0.00087005943300524
1992-04-29,-0.0028292242889602
1992-04-22,-0.0039536413836258
1992-04-15,-0.0021851877417954
1992-04-08,0.00061191046127869
1992-04-01,-0.00047552096815161
1992-03-25,0.0016209763783375
1992-03-18,-0.004066205899031
1992-03-11,-0.0027167712679884
1992-03-04,0.0013546450142317
1992-02-26,-0.00034506669484514
1992-02-19,0.00065659903373711
1992-02-12,-0.004417328783761
1992-02-05,-0.0016934092160822
1992-01-29,-0.0001643040280429
1992-01-22,-0.0030588740122911
1992-01-15,0.00079116667293412
1992-01-08,-0.0013827897140343
1992-01-01,-0.0062012528197979
1991-12-25,-0.0010948114105039
1991-12-18,0.00025117252856956
1991-12-11,0.0021178116011494
1991-12-04,-0.0007849084222322
1991-11-27,0.000157782432575
1991-11-20,-0.00025940073097664
1991-11-13,0.0016447640006488
1991-11-06,-0.00050822619350221
1991-10-30,-0.0047256985241071
1991-10-23,-0.0038350415572456
1991-10-16,0.0025965729226209
1991-10-09,7.769091658077e-05
1991-10-02,0.00096652036567725
1991-09-25,0.0010002040377558
1991-09-18,0.0011236299507725
1991-09-11,0.00018380955716107
1991-09-04,-0.00024958947613322
1991-08-28,0.0042523144693891
1991-08-21,-7.4849389904565e-05
1991-08-14,-0.0024684578312123
1991-08-07,-0.0052142231751185
1991-07-31,-0.0010674912382046
1991-07-24,-0.00046760161305698
1991-07-17,-0.0025517168169138
1991-07-10,-0.00023627057462894
1991-07-03,-0.0031642413599696
1991-06-26,0.0010692930318163
1991-06-19,-0.001133818506388
1991-06-12,-0.00072657709641485
1991-06-05,-0.0009979071823672
1991-05-29,1.7521146430134e-06
1991-05-22,-7.1676903455946e-06
1991-05-15,0.00086229929900133
1991-05-08,-0.0042498368133781
1991-05-01,-0.0012117937353608
1991-04-24,-0.00080430831702643
1991-04-17,-0.0010614083355133
1991-04-10,-0.002867699225644
1991-04-03,-0.0031283511165525
1991-03-27,0.0016198862345436
1991-03-20,-0.0017443052914892
1991-03-13,-0.00038363139186505
1991-03-06,0.00057105622748606
1991-02-27,-0.0021114294738599
1991-02-20,0.0023185164893175
1991-02-13,-0.00014473881487541
1991-02-06,0.0028294461186465
1991-01-30,-0.0048200341589834
1991-01-23,-0.00030936995419738
1991-01-16,0.0014554162264056
1991-01-09,-0.0032991728410613
1991-01-02,-0.0069601958693742
1990-12-26,0.0038379034745568
1990-12-19,-0.0041984637255752
1990-12-12,-0.00014570259751795
1990-12-05,0.0061450668851189
1990-11-28,-0.00043616152833255
1990-11-21,0.0013564560385784
1990-11-14,0.00019609974522688
1990-11-07,6.578858743449e-05
1990-10-31,-0.00030144013218893
1990-10-24,0.0035004600285837
1990-10-17,-0.00053148056444363
1990-10-10,-0.0012623983026641
1990-10-03,-0.0019909563180927
1990-09-26,-0.0015257174279414
1990-09-19,-0.0002403431437509
1990-09-12,-0.0015256760767188
1990-09-05,0.0034068125604921
1990-08-29,-0.0048641239232946
1990-08-22,-0.00096970232784582
1990-08-15,0.0061280825793228
1990-08-08,-0.00057972602310925
1990-08-01,0.00022918828678777
1990-07-25,-0.0033403701259289
1990-07-18,0.00077308411845376
1990-07-11,-0.00027037359480263
1990-07-04,-0.0012436996486396
1990-06-27,-2.6971823487175e-05
1990-06-20,-0.00092180412550169
1990-06-13,0.00045877599996883
1990-06-06,0.0059700654899709
1990-05-30,-0.0023351860821596
1990-05-23,-0.0016229677575298
1990-05-16,-0.00077481365700353
1990-05-09,0.0014194873346106
1990-05-02,-0.00069839652965769
1990-04-25,-0.0027188790264667
1990-04-18,0.0012951709783163
1990-04-11,0.0032946630431944
1990-04-04,0.0015412996392719
1990-03-28,-0.0010551410582115
1990-03-21,0.0021667692411931
1990-03-14,-0.0010451979569835
1990-03-07,0.001410834904545
1990-02-28,0.00045866886509609
1990-02-21,0.0033453723268206
1990-02-14,-0.0029468601006198
1990-02-07,0.0013386017814584
1990-01-31,0.00074304878802941
1990-01-24,0.0011650248664672
1990-01-17,-0.0040342276229501
1990-01-10,0.0042967575530087
1990-01-03,-0.0016796649165242
1989-12-27,-0.0060969860775009
1989-12-20,0.0011782860985722
1989-12-13,0.0013058482911822
1989-12-06,-0.00045044085233753
1989-11-29,-0.0039878649060243
1989-11-22,0.0001218901240908
1989-11-15,0.0026026569226245
1989-11-08,-0.0018219610579837
1989-11-01,-0.00012665437395648
1989-10-25,0.0026985508971159
1989-10-18,-0.0012080558746175
1989-10-11,0.0027848233089524
1989-10-04,0.0025056398909947
1989-09-27,-0.0011609053805579
1989-09-20,-0.00046370729112996
1989-09-13,-0.0029903724936439
1989-09-06,0.0052573209720633
1989-08-30,0.00031538766006427
1989-08-23,0.00032651076958149
1989-08-16,0.0013049099008423
1989-08-09,-0.0011601138133373
1989-08-02,-0.0036116346690572
1989-07-26,0.012437301644155
1989-07-19,0.0048756063583513
1989-07-12,0.00059186471882588
1989-07-05,0.0045533711181958
1989-06-28,-0.0025062231500381
1989-06-21,0.0010494539347233
1989-06-14,0.0002002870032642
1989-06-07,-0.0029763526061655
1989-05-31,0.00094855193121947
1989-05-24,0.002758742109805
1989-05-17,0.0011434460539232
1989-05-10,0.00042606414055977
1989-05-03,0.0016120989457497
1989-04-26,0.0045139577857046
1989-04-19,0.0038064429902929
1989-04-12,0.00041572188108802
1989-04-05,-0.0015596847968887
1989-03-29,0.0013080074454061
1989-03-22,-0.00026257075746708
1989-03-15,0.0011806089805519
1989-03-08,-0.00021509701849548
1989-03-01,-0.001838655284623
1989-02-22,-0.0020691593385287
1989-02-15,0.00042384301372433
1989-02-08,0.018098048816722
1989-02-01,-0.0011537078389949
1989-01-25,0.002041945015681
1989-01-18,0.0016796279719813
1989-01-11,0.0047694212852204
1989-01-04,-0.0020418273261798
1988-12-28,-0.0031692273667289
1988-12-21,0.0031811303816412
1988-12-14,-0.0018996320051719
1988-12-07,0.0044954500189324
1988-11-30,0.0022610427982624
1988-11-23,0.0013366146448185
1988-11-16,-0.00082348094233381
1988-11-09,0.00076113769845538
1988-11-02,0.0029112356319872
1988-10-26,0.0010252034476939
1988-10-19,-0.0042640134583288
1988-10-12,0.0038895687470326
1988-10-05,0.0055559384660902
1988-09-28,-0.0020493872808475
1988-09-21,0.0018422328648897
1988-09-14,-0.00026699447561717
1988-09-07,0.0017845985208806
1988-08-31,0.0002862371134369
1988-08-24,-0.00094083410082049
1988-08-17,-0.0029179208342266
1988-08-10,0.0045434357580493
1988-08-03,0.00029257999602247
1988-07-27,-0.00048902325564158
1988-07-20,-6.4850755671323e-05
1988-07-13,-0.0031346467460661
1988-07-06,0.006109427047143
1988-06-29,0.0031207643440768
1988-06-22,0.0062217017102773
1988-06-15,-0.0013349452355704
1988-06-08,0.0037377672605295
1988-06-01,0.00051511200436716
1988-05-25,0.0042483206630239
1988-05-18,-0.0035374416031199
1988-05-11,0.0034126504529279
1988-05-04,0.0045825527979465
1988-04-27,0.008093590707431
1988-04-20,7.4089494892248e-05
1988-04-13,-0.0049484311998638
1988-04-06,0.0088018812914849
1988-03-30,0.0046022801113836
1988-03-23,-0.0024909127520982
1988-03-16,0.0022737116014175
1988-03-09,-0.00082519815267743
1988-03-02,0.0034373105716992
1988-02-24,4.8875769397714e-05
1988-02-17,0.0057469079492144
1988-02-10,-0.0046529055976018
1988-02-03,-0.00016840340375475
1988-01-27,0.0038791172451218
1988-01-20,-0.0011102649037005
1988-01-13,0.00035144855585698
1988-01-06,0.0031162317800751
1987-12-30,-0.0012610844477392
1987-12-23,0.00037859240405636
1987-12-16,0.00065907873432806
1987-12-09,0.0037755348822499
1987-12-02,0.0013409226423222
1987-11-25,-0.00095211565752074
1987-11-18,0.0004702347954897
1987-11-11,-0.0019806946613366
1987-11-04,-0.0013530053540584
1987-10-28,0.0021099051324269
1987-10-21,0.00049014738010184
1987-10-14,0.00010433159174825
1987-10-07,-0.0043469520370012
1987-09-30,0.0046596701979698
1987-09-23,0.0015104615890846
1987-09-16,0.0067005653383543
1987-09-09,0.0050419795647326
1987-09-02,0.0010340731988208
1987-08-26,0.0010336979016981
1987-08-19,-0.00060440010493114
1987-08-12,0.0027290319977872
1987-08-05,0.00062308126902213
1987-07-29,-0.0014827301611863
1987-07-22,-0.0025333490311665
1987-07-15,0.0020092891231916
1987-07-08,-0.00090247967119417
1987-07-01,-0.00038773536565133
1987-06-24,-0.0022031880155789
1987-06-17,0.0010264945894581
1987-06-10,0.0030405839598667
1987-06-03,-0.0011169397656016
1987-05-27,-0.0004041088794578
1987-05-20,0.0095939547388953
1987-05-13,0.0013100384892227
1987-05-06,-0.00064128839707428
1987-04-29,-0.0041918466168353
1987-04-22,0.00074919570034729
1987-04-15,0.0026593113520492
1987-04-08,0.00018022286406742
1987-04-01,-0.0014535164070123
1987-03-25,0.0013910339715497
1987-03-18,0.0028004571071055
1987-03-11,0.00092142130791339
1987-03-04,-0.00040640871626953
1987-02-25,0.00048104772560459
1987-02-18,5.2131463478358e-05
1987-02-11,-0.0029130463329759
1987-02-04,-0.002505869891975
1987-01-28,0.0048635397223811
1987-01-21,-0.001378513122711
1987-01-14,-0.005652251733506
1987-01-07,-0.0065275340384886
1986-12-31,0.021142259529035
1986-12-24,0.018361448684319
1986-12-17,0.005771778230173
1986-12-10,0.0039878036609847
1986-12-03,0.0052931799953434
1986-11-26,0.0049739812072362
1986-11-19,-0.0011521494687002
1986-11-12,0.0047792427636426
1986-11-05,0.0056298952147436
1986-10-29,-0.00059071646902466
1986-10-22,0.0020155005781777
1986-10-15,0.0019079458738541
1986-10-08,-0.0065935554870818
1986-10-01,0.0048190725349803
1986-09-24,-5.4148762122418e-06
1986-09-17,-0.00044111774054912
1986-09-10,-0.0003640505141344
1986-09-03,0.0001747129315785
1986-08-27,0.0047468259181939
1986-08-20,0.004847103835458
1986-08-13,-0.0029959247641586
1986-08-06,0.0012700154038065
1986-07-30,0.0019196090523736
1986-07-23,-0.0026454238605126
1986-07-16,0.0021701278824662
1986-07-09,0.00085942588320555
1986-07-02,-0.0024650022075374
1986-06-25,0.0066010469693349
1986-06-18,-0.00077297449242935
1986-06-11,0.0020301840454189
1986-06-04,0.0035593119175786
1986-05-28,0.0032737296486269
1986-05-21,-0.0060437126589527
1986-05-14,0.0014592805066446
1986-05-07,-0.00029106316129604
1986-04-30,0.0037466735441223
1986-04-23,-0.0045660655869135
1986-04-16,0.0047212816994562
1986-04-09,-0.0016424614017629
1986-04-02,0.00030915344598633
1986-03-26,0.0042797449102539
1986-03-19,0.0019410707274671
1986-03-12,0.0012637672062143
1986-03-05,0.0035870053638619
1986-02-26,0.0019106794316937
1986-02-19,0.00056997320406486
1986-02-12,0.00098162832674881
1986-02-05,0.00097357315565256
1986-01-29,-0.0039902416881433
1986-01-22,-0.00029010433188579
1986-01-15,0.0043112536937512
1986-01-08,-0.0018885324170417
1986-01-01,0.0076635791081473
1985-12-25,-0.0054358167806456
1985-12-18,0.00042141425662658
1985-12-11,0.00088669729425963
1985-12-04,0.00011553871329185
1985-11-27,0.0027707561821052
1985-11-20,0.0021300141100584
1985-11-13,0.0010624054756762
1985-11-06,0.0026646083561875
1985-10-30,0.0024651088925448
1985-10-23,0.0014335758577538
1985-10-16,-0.0021174348372451
1985-10-09,0.0010028694279424
1985-10-02,-0.0049889271777729
1985-09-25,0.0010666306677132
1985-09-18,0.00043144598292257
1985-09-11,0.0023548303812839
1985-09-04,0.0061352470247416
1985-08-28,2.8545597718098e-06
1985-08-21,0.0033491794193323
1985-08-14,0.0007597732513955
1985-08-07,-0.0021944420270582
1985-07-31,0.003392816952278
1985-07-24,0.0029214705989374
1985-07-17,0.0019584648091187
1985-07-10,0.0014515904786227
1985-07-03,0.0059811623372082
1985-06-26,-0.00056660572682434
1985-06-19,0.00031720899238749
1985-06-12,0.0010421278847504
1985-06-05,-4.1949183340869e-05
1985-05-29,0.00010135285289595
1985-05-22,0.0031286426957537
1985-05-15,-0.00026785355367298
1985-05-08,0.0019930791110491
1985-05-01,0.00057320818670756
1985-04-24,0.003153684678874
1985-04-17,-0.0054100756956407
1985-04-10,-0.00096786319534721
1985-04-03,-0.0018587905084718
1985-03-27,0.0005841346128861
1985-03-20,0.0032714273171063
1985-03-13,0.0014867167766944
1985-03-06,0.0032359740233616
1985-02-27,0.0015206581599909
1985-02-20,0.0049239786456065
1985-02-13,0.00059275546884969
1985-02-06,-0.00026602556123788
1985-01-30,-0.00022884352186183
1985-01-23,0.0033743989252715
1985-01-16,0.0020903718410351
1985-01-09,0.00074152126461847
1985-01-02,-0.0062167148133752
1984-12-26,-0.0023173437386899
1984-12-19,0.004859984450587
1984-12-12,0.0012935791684212
1984-12-05,0.0035439226507012
1984-11-28,-0.0032030341145159
1984-11-21,0.0028945582602065
1984-11-14,0.0021624159799539
1984-11-07,0.0004527392213567
1984-10-31,0.006961234482074
1984-10-24,0.0025555142308626
1984-10-17,-0.0010675443537727
1984-10-10,0.0050556241687456
1984-10-03,0.0032607189259419
1984-09-26,-0.0019904002627933
1984-09-19,0.0016950326667215
1984-09-12,0.0046470073051119
1984-09-05,0.0012255070077967
1984-08-29,-0.00011212959132581
1984-08-22,0.0010237123335651
1984-08-15,0.0021833875139328
1984-08-08,0.0022833864262638
1984-08-01,-0.00049058876998104
1984-07-25,0.0027653828397495
1984-07-18,0.0013455519883145
1984-07-11,0.0035626282348817
1984-07-04,0.0016777326490176
1984-06-27,0.0017825047687976
1984-06-20,0.0067746756511537
1984-06-13,2.8960059844925e-05
1984-06-06,0.0036656973455388
1984-05-30,-0.00044473885113454
1984-05-23,0.001232930844439
1984-05-16,0.0043312516447542
1984-05-09,0.010307295777181
1984-05-02,0.001425164753411
1984-04-25,0.0045071732436437
1984-04-18,0.0053514909594567
1984-04-11,0.00064219612233017
1984-04-04,0.0082198032325094
1984-03-28,0.00047859587156018
1984-03-21,0.005515448709613
1984-03-14,-0.0013877120345097
1984-03-07,0.0053472670329933
1984-02-29,0.0058863759062434
1984-02-22,0.0034163252978334
1984-02-15,0.0093860019212021
1984-02-08,0.0070834239525736
1984-02-01,0.0022104636632781
1984-01-25,0.0026219786941919
1984-01-18,-0.0032688035544272
1984-01-11,0.0015509722291452
1984-01-04,0.00083529887239464
1983-12-28,0.0013001852064117
1983-12-21,0.0024659934090193
1983-12-14,0.0022453249672088
1983-12-07,0.0037863116486396
1983-11-30,0.0038127182626688
1983-11-23,0.00071238391674743
1983-11-16,-0.0018026402933421
1983-11-09,0.0056475490599076
1983-11-02,0.00075273834667708
1983-10-26,0.0055021349449156
1983-10-19,-0.0023008935025566
1983-10-12,0.0073357655175837
1983-10-05,0.0010839921221128
1983-09-28,-0.0016838941932066
1983-09-21,0.0041848861896265
1983-09-14,-0.0033521760845671
1983-09-07,0.00055784860197579
1983-08-31,0.00089793341072995
1983-08-24,0.0026533397309272
1983-08-17,0.0009305934466761
1983-08-10,0.0012354964679938
1983-08-03,0.003065134291619
1983-07-27,0.00090710761576667
1983-07-20,0.0059746949643479
1983-07-13,0.0031178846367499
1983-07-06,0.0041794675461017
1983-06-29,-0.0030342593111046
1983-06-22,0.00053487905776114
1983-06-15,0.0046460349403831
1983-06-08,-0.00025613736703004
1983-06-01,0.0036039571981532
1983-05-25,0.001581912806686
1983-05-18,-0.0014533672784593
1983-05-11,-0.00053740837366023
1983-05-04,-0.0033673479258531
1983-04-27,0.00024851438811735
1983-04-20,0.0012162953494483
1983-04-13,1.7590831149003e-05
1983-04-06,-0.0051418152360358
1983-03-30,0.0030171123182388
1983-03-23,-0.0019111637659397
1983-03-16,-0.00059100170093799
1983-03-09,-0.00066617740961211
1983-03-02,0.0031521217358522
1983-02-23,0.00062771459197152
1983-02-16,-0.0008499752917117
1983-02-09,-0.0023976684006841
1983-02-02,0.0011806900279703
1983-01-26,0.00047346535468721
1983-01-19,0.0017449243424838
1983-01-12,0.0028044572105186
1983-01-05,0.0031300283218648
1982-12-29,-0.0065818998897885
1982-12-22,0.0022397627238615
1982-12-15,-0.00074042932670881
1982-12-08,-0.00010725647366702
1982-12-01,0.00018015199018272
1982-11-24,0.0019838159427313
1982-11-17,-0.00035017276380747
1982-11-10,0.0023254171936589
1982-11-03,-0.0037365841947152
1982-10-27,-0.0010525053522724
1982-10-20,0.00097452896280204
1982-10-13,-0.0014571186966448
1982-10-06,0.0022083573279769
1982-09-29,9.8198528858505e-05
1982-09-22,0.0020029176097273
1982-09-15,0.0063372008090219
1982-09-08,0.0011254496584642
1982-09-01,0.0056945095409125
1982-08-25,0.003184283180397
1982-08-18,-0.00094778759592071
1982-08-11,0.0032919841241117
1982-08-04,-0.0022915485735038
1982-07-28,0.0043378933482504
1982-07-21,-0.0035692512475741
1982-07-14,0.0034762622810541
1982-07-07,0.0013131796266202
1982-06-30,0.0074286458669145
1982-06-23,-0.00033147906749159
1982-06-16,0.00045954636509616
1982-06-09,0.0038753074193893
1982-06-02,0.0018821364339789
1982-05-26,0.0049684140181848
1982-05-19,0.0045318157086554
1982-05-12,0.0015502398696428
1982-05-05,0.005756415129487
1982-04-28,-0.00082520145889596
1982-04-21,0.0033669742894433
1982-04-14,0.0023165730732192
1982-04-07,0.008564025853313
1982-03-31,0.0050349786103207
1982-03-24,0.0035463120061152
1982-03-17,0.0023653872356246
1982-03-10,0.0047334920124228
1982-03-03,-0.0026753479126896
1982-02-24,0.0021606904459869
1982-02-17,0.0025068084784993
1982-02-10,0.0045306345705576
1982-02-03,0.0042993993222592
1982-01-27,0.0094292165459478
1982-01-20,-0.0003883737738595
1982-01-13,0.0035016468660756
1982-01-06,0.0028633863739675
1981-12-30,0.0059105598607288
1981-12-23,-0.0039281251710111
1981-12-16,0.0044373904250849
1981-12-09,-0.00020465063560484
1981-12-02,0.0072240299754866
1981-11-25,0.0044699726201145
1981-11-18,0.0058048515510429
1981-11-11,0.0026724615266002
1981-11-04,0.0021508208619967
1981-10-28,0.00060677710283261
1981-10-21,0.00090190011624738
1981-10-14,0.0036011771336726
1981-10-07,-0.003122204070214
1981-09-30,0.010780980870072
1981-09-23,-7.0836684985486e-05
1981-09-16,0.001314129863809
1981-09-09,-0.00066908160838215
1981-09-02,0.0019481580753767
1981-08-26,-0.00031280792494273
1981-08-19,0.00078516084648735
1981-08-12,0.0012567645605491
1981-08-05,0.0096316251985051
1981-07-29,0.0015691602960605
1981-07-22,0.0040198159002289
1981-07-15,0.0010540410858197
1981-07-08,-0.0015496129894422
1981-07-01,0.0064200431326698
1981-06-24,0.0026644150769132
1981-06-17,0.0063343655435054
1981-06-10,0.00014634065527486
1981-06-03,0.0025047872068854
1981-05-27,0.0047347817649407
1981-05-20,0.00061408765312767
1981-05-13,0.001451052524014
1981-05-06,0.003894490638674
1981-04-29,0.0088821466687952
1981-04-22,0.0060063215137809
1981-04-15,0.0022850688176967
1981-04-08,0.00030398819222567
1981-04-01,0.0045015474367203
1981-03-25,0.0029487996221661
1981-03-18,0.00075489870898602
1981-03-11,-0.0006511423037561
1981-03-04,0.00075178473121067
1981-02-25,0.00194655677404
1981-02-18,0.00097054426932639
1981-02-11,-0.0018305684820363
1981-02-04,-0.00018165083899378
1981-01-28,0.0024427554204335
1981-01-21,-0.00084191798701968
1981-01-14,0.0054445533247943
1981-01-07,-0.0021289127915705
1980-12-31,0.00031513730936909
1980-12-24,-0.0049203100101868
1980-12-17,0.0022791656224626
1980-12-10,0.0069702413527044
1980-12-03,0.0015772096752743
1980-11-26,0.0090607379206719
1980-11-19,0.003059435847087
1980-11-12,0.0067535852518434
1980-11-05,0.0077022107933704
1980-10-29,0.0036170353616521
1980-10-22,0.0044390343655105
1980-10-15,0.0059193514829638
1980-10-08,0.0016965655909967
1980-10-01,0.0078114157762707
1980-09-24,0.00086838691272657
1980-09-17,0.0016133767059427
1980-09-10,0.0025426783583491
1980-09-03,0.0019958995386982
1980-08-27,0.004094950704479
1980-08-20,0.0020652845843198
1980-08-13,0.0045388987281965
1980-08-06,0.003061061879456
1980-07-30,-0.00016175697867055
1980-07-23,0.0032686495640006
1980-07-16,0.0016300273098319
1980-07-09,0.002239285772843
1980-07-02,-0.0006223146339116
1980-06-25,-0.0005784004370756
1980-06-18,-0.00018359100522526
1980-06-11,-0.0030282401892172
1980-06-04,0.0002887021569977
1980-05-28,0.00061912982537122
1980-05-21,-0.0016852485915194
1980-05-14,0.0010495220870377
1980-05-07,-0.0049409799546867
1980-04-30,-0.0028197892672891
1980-04-23,-0.0042774941065179
1980-04-16,-0.00093446310208156
1980-04-09,0.0023865913645475
1980-04-02,0.0041156325696885
1980-03-26,-0.00016668225358542
1980-03-19,0.002441647631294
1980-03-12,0.0062358215470366
1980-03-05,0.0027488043137552
1980-02-27,0.0002995784951523
1980-02-20,0.0037443837748043
1980-02-13,0.0056429832423382
1980-02-06,0.0067387257095228
1980-01-30,-0.0019003415019213
1980-01-23,0.0027995397433074
1980-01-16,0.00019429732036633
1980-01-09,0.0011169461461982
1980-01-02,0.0011367281382757
1979-12-26,0.0038952266586611
1979-12-19,0.0056604431384063
1979-12-12,-0.001290433276882
1979-12-05,0.0064307996322367
1979-11-28,-0.0034930671455129
1979-11-21,0.0024565307376702
1979-11-14,0.00078156122271701
1979-11-07,-0.00058546677981354
1979-10-31,0.0013669927280469
1979-10-24,0.004667726776389
1979-10-17,-0.0027865310784221
1979-10-10,0.0054128130061885
1979-10-03,-0.0036988161756918
1979-09-26,0.0030654165346202
1979-09-19,0.004198160482266
1979-09-12,0.0039082874768272
1979-09-05,0.0048664697177169
1979-08-29,-0.0006685402984306
1979-08-22,0.005711529599341
1979-08-15,0.0018839241442175
1979-08-08,-0.00031982333285602
1979-08-01,0.0029796470790937
1979-07-25,0.0039684541148893
1979-07-18,0.0023938129373007
1979-07-11,0.0049986149459378
1979-07-04,0.0023847295816253
1979-06-27,0.0044142289063218
1979-06-20,0.0048904792349786
1979-06-13,0.0059376654299243
1979-06-06,0.0046201516499552
1979-05-30,0.00015972590265336
1979-05-23,0.0050678890565163
1979-05-16,0.0051101165377182
1979-05-09,0.0046577524586596
1979-05-02,0.0037550147895122
1979-04-25,0.0039102200256483
1979-04-18,0.0061556947602337
1979-04-11,0.0083367177787814
1979-04-04,0.0039341856800934
1979-03-28,0.0052084214904211
1979-03-21,0.0059553828715242
1979-03-14,0.0016498735286461
1979-03-07,0.0029813142464056
1979-02-28,0.0044415153434166
1979-02-21,0.0053838491107395
1979-02-14,0.0030350797796525
1979-02-07,0.005541287737526
1979-01-31,0.001451100850886
1979-01-24,0.0059845755088769
1979-01-17,0.0026335273805139
1979-01-10,0.0020645645645646
1979-01-03,0.0053381849495772
1978-12-27,-0.0010057540941783
1978-12-20,0.0014358380965855
1978-12-13,-0.0036505456673753
1978-12-06,0.0048746311998383
1978-11-29,0.00085439233408219
1978-11-22,0.0041012462230676
1978-11-15,0.001322797472006
1978-11-08,0.0036990852642996
1978-11-01,0.0028324923791651
1978-10-25,0.0051660643681032
1978-10-18,-0.00096074492566268
1978-10-11,0.0030142894054283
1978-10-04,0.0036478322326197
1978-09-27,0.0017777172531818
1978-09-20,0.0039596424739798
1978-09-13,-0.0021220426528835
1978-09-06,0.0039047301670938
1978-08-30,0.0020845034716227
1978-08-23,0.0036983335563448
1978-08-16,0.00231604238617
1978-08-09,-0.0010099115415888
1978-08-02,0.0017196700240128
1978-07-26,0.0053253916958749
1978-07-19,0.0020857474955515
1978-07-12,0.0047006278193077
1978-07-05,0.00070153294307776
1978-06-28,0.0050101389804043
1978-06-21,0.0018862166613561
1978-06-14,-0.0015105476194423
1978-06-07,0.00034291462187939
1978-05-31,0.010882430240251
1978-05-24,0.0055360389299725
1978-05-17,0.0010413117517709
1978-05-10,0.0041587525940678
1978-05-03,0.0024232473810517
1978-04-26,0.0045711613268038
1978-04-19,0.00065074480281044
1978-04-12,0.0054365782039432
1978-04-05,0.0040828992078812
1978-03-29,0.0057478832035382
1978-03-22,0.00072967815847237
1978-03-15,0.0019244945969907
1978-03-08,0.0038297713786847
1978-03-01,0.0069950030942725
1978-02-22,0.0040936249802686
1978-02-15,0.0024097963647975
1978-02-08,0.00040506333956789
1978-02-01,0.0048830537227219
1978-01-25,0.0070834184317942
1978-01-18,0.00026577140270662
1978-01-11,0.0045703736881087
1978-01-04,0.0028163697652099
1977-12-28,0.00057237967949666
1977-12-21,0.0057779723454357
1977-12-14,-0.003927940981648
1977-12-07,0.0056896955204156
1977-11-30,0.00096207173659612
1977-11-23,0.0045306064339061
1977-11-16,-0.0029597129103121
1977-11-09,0.00033625361213782
1977-11-02,0.0022260918721211
1977-10-26,0.0069951852743836
1977-10-19,0.0025671955708144
1977-10-12,0.0040361358882504
1977-10-05,0.0017225020584226
1977-09-28,0.00035235144396332
1977-09-21,0.004093322924473
1977-09-14,-0.0021819962927687
1977-09-07,0.0016002063092554
1977-08-31,0.003194466831763
1977-08-24,0.0050602234644248
1977-08-17,-0.00069628588320975
1977-08-10,0.0030067985103953
1977-08-03,0.00079113803142652
1977-07-27,0.006961026969491
1977-07-20,0.0022328107503951
1977-07-13,0.0020870351890309
1977-07-06,-0.00080819478626842
1977-06-29,0.0018380257829016
1977-06-22,0.0046579176569274
1977-06-15,-0.00046039848032247
1977-06-08,0.0020175937496108
1977-06-01,0.0016544819932791
1977-05-25,0.0051031896502634
1977-05-18,0.00052585057375726
1977-05-11,0.0026608819432142
1977-05-04,-0.00062748400910951
1977-04-27,0.0028053371263074
1977-04-20,0.002657432886127
1977-04-13,0.0010470050436542
1977-04-06,0.0011965763243624
1977-03-30,-0.00027228287024142
1977-03-23,0.0036181534707158
1977-03-16,-0.00060495427381927
1977-03-09,0.0023544253700739
1977-03-02,0.0039295200265449
1977-02-23,0.0039230133362135
1977-02-16,0.00066613126477719
1977-02-09,0.0014585171884804
1977-02-02,0.0025075055959597
1977-01-26,0.0024824973169105
1977-01-19,0.0016418935282749
1977-01-12,0.0016267357340516
1977-01-05,-0.00072558832580211
1976-12-29,-0.00078759271746453
1976-12-22,0.0012357801564386
1976-12-15,-0.0012687356984035
1976-12-08,0.0043972524215772
1976-12-01,0.00039079077950553
1976-11-24,0.0050941749572081
1976-11-17,0.0015839818674181
1976-11-10,-0.00082159816380716
1976-11-03,0.00075292577133974
1976-10-27,0.0046046779054937
1976-10-20,0.0046082771684066
1976-10-13,-0.0008093307973201
1976-10-06,0.0015705066564685
1976-09-29,0.0011629748101201
1976-09-22,0.0016866155560995
1976-09-15,-0.00034748117580108
1976-09-08,0.0026498488411896
1976-09-01,0.0021765618538245
1976-08-25,0.0041269499755025
1976-08-18,-0.0016082798028437
1976-08-11,0.0043365943956826
1976-08-04,-0.0021271540641806
1976-07-28,-4.4617610347612e-06
1976-07-21,0.0013900950838441
1976-07-14,0.00023518186652845
1976-07-07,-0.0035558187846091
1976-06-30,0.0058633162002665
1976-06-23,0.00030131919560094
1976-06-16,-0.0052443179127469
1976-06-09,-0.00016822666258916
1976-06-02,0.0037708567124772
1976-05-26,0.0047804874760105
1976-05-19,0.00010788019903904
1976-05-12,-0.00026176569386453
1976-05-05,0.0011770826010546
1976-04-28,0.002034358683922
1976-04-21,0.0027060686230524
1976-04-14,-0.0030240652044342
1976-04-07,-0.0029421478690491
1976-03-31,-0.0064973004645712
1976-03-24,0.00016074236180756
1976-03-17,-0.0090528219550843
1976-03-10,-0.0023329689678709
1976-03-03,-0.0029274803532563
1976-02-25,-0.00086357827036973
1976-02-18,-0.0029672435819793
1976-02-11,-0.0021623773682106
1976-02-04,0.00023795093068897
1976-01-28,-6.8918967703215e-05
1976-01-21,0.0014504931567178
1976-01-14,0.0013564710470499
1976-01-07,-0.0075028784987711
1975-12-31,0.002298816706881
1975-12-24,0.00063663107502203
1975-12-17,-0.0019606411372809
1975-12-10,0.0032117180969792
1975-12-03,-0.0007713103152922
1975-11-26,0.004962088523791
1975-11-19,-0.0019543288630868
1975-11-12,-7.8890147113661e-05
1975-11-05,-0.00045614941987436
1975-10-29,-0.00015823088020714
1975-10-22,-0.00030213514307913
1975-10-15,-0.0010569021230993
1975-10-08,-0.0011632606249931
1975-10-01,0.0035168523376901
1975-09-24,0.00035142505326198
1975-09-17,-0.0046667110491696
1975-09-10,0.0010613942557976
1975-09-03,0.00039893304537294
1975-08-27,0.0013193103033154
1975-08-20,-0.0011199665048572
1975-08-13,-1.0385135482325e-05
1975-08-06,-0.0017596383165744
1975-07-30,-0.0016287594246067
1975-07-23,-0.0002831822937003
1975-07-16,-0.0027978331998318
1975-07-09,0.0011106991369928
1975-07-02,-0.00080288560781384
1975-06-25,-0.0013843893822975
1975-06-18,-0.007156248805003
1975-06-11,0.0025805650352067
1975-06-04,-0.0026238803269295
1975-05-28,-0.0011286305268198
1975-05-21,-0.0020320238366865
1975-05-14,-0.0030550481352056
1975-05-07,-0.0024234858686053
1975-04-30,0.0013783560671192
1975-04-23,-0.0030531877241385
1975-04-16,-0.0005918442687793
1975-04-09,0.0017957987381912
1975-04-02,-0.00034836495203184
1975-03-26,-0.00090184061832575
1975-03-19,-0.0043722093268846
1975-03-12,-0.0084792716929131
1975-03-05,0.00027894927702136
1975-02-26,-0.0014185209750846
1975-02-19,-0.00099864117593939
1975-02-12,-0.0033234969823736
1975-02-05,-0.0012971531095352
1975-01-29,-0.0016055325912159
1975-01-22,-9.3390800849582e-05
1975-01-15,-0.00083251923343597
1975-01-08,0.0012061819565409
1975-01-01,0.0013965465786438
1974-12-25,0.00084742615230344
1974-12-18,-0.00035976508594872
1974-12-11,0.0014227797670976
1974-12-04,-0.00034654170226299
1974-11-27,0.0053474922676872
1974-11-20,0.000202130901867
1974-11-13,-0.0019679486000826
1974-11-06,0.0038889718062729
1974-10-30,-0.00041435655856316
1974-10-23,0.0027111917403007
1974-10-16,0.0032944840197371
1974-10-09,0.0016414464702526
1974-10-02,0.0015428929562149
1974-09-25,-8.5124403995967e-06
1974-09-18,-0.00029891009507691
1974-09-11,0.0013719729780974
1974-09-04,0.0039192453661474
1974-08-28,0.0019607864146432
1974-08-21,0.0044723985046443
1974-08-14,0.0021863487490514
1974-08-07,0.0040014229688176
1974-07-31,-0.00024522328852548
1974-07-24,0.0035370779314261
1974-07-17,0.0049028171136213
1974-07-10,0.0048371188807813
1974-07-03,0.0095534505339931
1974-06-26,0.0036879550886554
1974-06-19,0.0020407299396915
1974-06-12,0.0043144267875952
1974-06-05,0.0026719627316164
1974-05-29,0.003704729511399
1974-05-22,0.0016594913261551
1974-05-15,0.0016520663537626
1974-05-08,0.001894563147012
1974-05-01,0.0079269294299089
1974-04-24,0.00087513436709176
1974-04-17,0.0076186981085841
1974-04-10,0.0049185625011199
1974-04-03,0.015549860051847
1974-03-27,0.0091418768097742
1974-03-20,0.010707879188491
1974-03-13,0.0039824543580674
1974-03-06,0.0069574039089546
1974-02-27,0.0025639811922117
1974-02-20,0.0014324166150604
1974-02-13,0.0017954097418483
1974-02-06,0.0031305805070978
1974-01-30,0.0015830605184218
1974-01-23,0.0035850919109521
1974-01-16,0.0043429901770984
1974-01-09,0.0034100217023877
1974-01-02,-0.000651636572268
1973-12-26,0.0051473325283701
1973-12-19,0.00023184838483095
1973-12-12,-0.00014604936468534
1973-12-05,0.0045813622591398
1973-11-28,-0.00030271028690688
1973-11-21,0.0042427619509057
1973-11-14,6.4563849259088e-05
1973-11-07,0.004078447169004
1973-10-31,-0.0032258833537644
1973-10-24,0.0025271012425439
1973-10-17,-0.0027547172651528
1973-10-10,0.0022120430942956
1973-10-03,0.0015481201577962
1973-09-26,0.0054768991584616
1973-09-19,-0.0033060646095878
1973-09-12,0.00097131034691814
1973-09-05,0.0031505491128985
1973-08-29,-0.0036591400862994
1973-08-22,0.0015874912517282
1973-08-15,0.0015576708641465
1973-08-08,0.0070962463484111
1973-08-01,0.0043249647752019
1973-07-25,0.0073606879007684
1973-07-18,0.0024317194520095
1973-07-11,0.0073573004251638
1973-07-04,0.0027778394785083
1973-06-27,0.0013423749569877
1973-06-20,0.0017333021404481
1973-06-13,0.00099969497495843
1973-06-06,0.009972757603623
1973-05-30,0.0030548605642554
1973-05-23,0.0063228921463728
1973-05-16,0.0038169424988286
1973-05-09,0.0031015414782353
1973-05-02,0.0016470775502386
1973-04-25,0.0055921773272987
1973-04-18,0.0033099310862005
1973-04-11,0.0049236930159466
1973-04-04,0.002291336240399
1973-03-28,0.0060023347392794
1973-03-21,0.0050353325668763
1973-03-14,0.0016708362372241
1973-03-07,0.010947399150594
1973-02-28,0.0075463667068978
1973-02-21,0.0068878466348865
1973-02-14,0.012019026402664
1973-02-07,0.0127353864833
1973-01-31,0.0092076040789155
1973-01-24,0.0060615220035769
1973-01-17,0.0042832622432329
1973-01-10,0.0027215330108973
